9,Emmery,Rashaant,951443.57
24,Francklin,Maodao,323051.22
28,Queenie,Krajan Tegalombo,223021.7
48,Mikel,Saint Petersburg,762811.21
50,Shandee,Krajan Suko Kidul,896249.41
63,Astrid,Bascaron,463136.81
64,Anabella,Nam Kliang,892824.27
65,Vere,Juntas,974147.68
66,Doug,Lete,468718.26
71,Carleton,Chalon-sur-Saône,302936.85
78,Lauree,Butungan,330368.72
98,Concettina,Xieshui,805345.44
112,Tamar,Flores da Cunha,649975.68
125,Clara,Lâm Thao,120194.63
126,Aristotle,Bejuco,970921.16
127,Sybille,Yuantan,703213.09
128,Betteann,Ampera,307111.85
129,Melloney,Damiku,529590.8
142,Janot,Santa Cruz,82737.22
144,Grace,Jinhaihu,436534.18
148,Julietta,Santo André,409285.79
164,Jefferey,Hengli,866353.38
193,Ninnetta,Póvoa,743700.83
196,Gram,Sepulu,904043.68
217,Barrie,Donggaohuang,644618.85
231,Beret,Villa Gesell,346711.18
245,Trumann,Bontoc,339500.97
257,Bryanty,Båstad,204584.37
260,Bran,Badai,780956.61
299,Berna,Melun,685632.8
311,Lazare,Nganane,209046.68
331,Marijn,Kaingiwa,693909.73
341,Orsa,Xinzhai,412400.21
347,Husain,Sembabule,745137.18
349,Mag,Cartagena,455749.64
365,Adolpho,Rosmalen,17607.62
387,Anabal,Neochóri,296313
418,Berni,Łużna,392937.42
424,Willy,Kotadukuh,647147.99
436,Juliane,Gempolan Wetan,526242.37
437,Henriette,Soledade,561670.06
455,Colly,Valka,541592.85
461,Jeremias,Mata de São João,243713.02
473,Rene,Sudimanik,322586.49
482,Kennedy,Ulashan,171959.75
483,Adela,Qila Abdullāh,269984.7
488,Ward,Aheloy,218964.78
510,Tate,Liangshuijing,128756.02
511,Lissi,Toledo,781313.05
519,Carolan,Nghi Xuân,607825.34
532,Matthiew,Saint Paul,243203.86
548,Dalston,Hyesan-dong,369946.74
574,Sonnnie,Foundiougne,638534.98
592,Sherry,Kíti,726759.89
620,Hans,Kirkop,641757.37
626,Annadiane,Belos Ares,859262.92
627,Gus,Growong Kidul,766161.85
642,Skell,Solčava,524040.05
643,Marys,Yushu,910125.41
644,Ellary,Tiwi,95581.62
654,Brendis,Sremčica,44726.77
665,Rosina,Topol’noye,560232.05
741,Adrienne,Pampa de los Guanacos,501418.13
748,Cthrine,Manchester,355497.63
754,Meggy,Annecy,485514.92
761,Yulma,Krajan Timur Mlokorejo,256026.79
787,Tally,Shanghu,777062.12
788,Swen,Västerås,432251.26
792,Lammond,Oslo,155049.57
798,Peggy,Jomsom,267179.87
797,Thayne,Solntsevo,773181.13
799,Rodolphe,Wangchuanchang,220203.36
800,Talya,Sampaio,552012.96
813,Carver,Gersikputih Tengah,43712.94
856,Modesty,Wissembourg,399547.3
862,Tymothy,Babakankiray,242783.39
873,Francine,Sakai-nakajima,552206.18
874,Miguela,West Palm Beach,438128.64
876,Pail,Adolfo Ruiz Cortines,985701.87
884,Ashla,Kutao,855478.13
885,Humfried,Apatin,138105.52
886,Jorge,Wete,500388.14
888,Roseline,Tournai,592690.05
891,Juanita,Novyy,355601.91
917,Leanor,Chichibu,355431.85
924,Thaine,Longmiao,416650.46
931,Griffie,Khosta,689154.06
947,Dalila,Qandala,561167.68
948,Marylin,Carlos Casares,331656.41
952,Mariette,Parobé,115748.33
954,Ibrahim,Ełk,645668.41
955,Mauricio,Sakassou,136978.54
993,Angelia,Kargowa,682232.75
997,Gav,Ágios Vasíleios,186042.25
1003,Ryley,Karukh,313197
1016,Forrester,Shinshiro,502979.26
1028,Kienan,Philadelphia,409232.46
1029,Boot,Karangnunggal,822640.44
1035,Chloette,Pirca,67822.6
1037,Shirley,Kalembutillu,612535.05
1038,Lisa,Elías,527260.22
1039,Beverie,Pule,553130.03
1041,Bronnie,Jianfeng,225689.47
1043,Marve,Passal,930965.15
1044,Avrom,Cova da Iria,370863.09
1046,Florri,Nereta,786251.93
1058,Cariotta,Lijiang,273291.55
1085,Eveleen,Jiangxi,230059.77
1092,Ezequiel,Paarl,885884.19
1102,Aldon,Pochinok,77853.09
1115,Jaynell,Masumbwe,18760.68
1125,Dukie,Karabudakhkent,663407.22
1127,Tim,Arcos,786590.24
1128,Thorn,Igunga,347195.32
1137,Sutherland,Baytā al Fawqā,927729.42
1164,Nilson,Castillos,38103.18
1174,Zolly,Obanazawa,954314.06
1175,Raddy,Jobabo,842956.34
1183,Casi,Horní Stropnice,859184.04
1209,Thorin,Tsowkêy,502393.22
1211,Asher,Åkersberga,259496.1
1215,Kordula,Đống Đa,938125.37
1221,Dag,Chaiyaphum,828433.63
1224,Frankie,Shanghudi,54065.19
1232,Ki,Itapetininga,974087.72
1243,Fidole,Palu,376792.05
1247,Loren,Richmond,749220.25
1250,Lucy,Agraharam,917453.91
1253,Reinald,Guruafin,690485.45
1259,Riley,Qiaobian,859624.3
1280,Janeczka,Songfeng,887478.57
1282,Clevey,Kotovsk,267353.68
1283,Malorie,Erie,510240.29
1308,Frederigo,Janikowo,996155.25
1311,Rubie,Mandalt,205857.02
1315,Zach,Ventersdorp,508447.73
1325,West,Vân Đình,336594.48
1331,Durward,Kauhan,547864.79
1348,Gabriell,Brikcha,670292.5
1361,Lory,Moppo,913396.11
1372,Park,Binguang,633956.11
1379,Waldemar,Nuasepu,483923.36
1383,Brandy,Suileng,438375.37
1384,Link,Dongzhaogezhuang,753775.91
1389,Dredi,Sumberwaru,384039.51
1400,Rebeca,Kafyr-Kumukh,137643.46
1401,Teodora,Tash-Kumyr,519389.25
1410,Angelico,Malakwāl,179833.55
1456,Lyn,Novopavlovsk,500241.49
1464,Erasmus,Menol,707846.23
1468,Ivonne,Jinotepe,13140.06
1493,Adan,Kvänum,282164.91
1495,Christiana,Denver,934162.62
1501,Jacquelin,Lombo Meão,430641.03
1508,Leone,Chiguayante,213216.05
1514,Bogey,Séguéla,595682.8
1541,Else,Gierałtowice,752953.86
1544,Gretta,Kiarajangkung,892271.55
1571,Trent,Kobylanka,480756.37
1579,Elberta,Baucau,828027.8
1581,Pippo,Kesamben,708437.22
1584,Carlota,Drnje,713676.22
1601,Alanna,Bukuru,704684.08
1602,Maxie,Bukui,207634.31
1612,Markos,Songbo,345966.7
1631,Godiva,Shuangpu,647487.46
1634,Devy,Arcueil,612430.5
1635,Filippa,Laem Sing,287606.63
1650,Levi,Gan Yavne,199469.19
1668,Stefanie,‘Ubāl,476766.35
1669,Ian,Belisario Dominguez,844931.98
1679,Gabriello,Lingdi,170308.21
1681,Gilbertina,Ārān Bīdgol,477637.6
1697,Darb,Xincheng,437140.17
1710,Orazio,Yiqian,75080
1722,Griselda,Cikeusal,571299.71
1727,Danice,Ryazhsk,823532.96
1729,Colin,Hienghène,120220.58
1735,Valry,Saky,619493.59
1741,Nyssa,Dangcalan,137839.73
1746,Carter,Tanjung Kidul,814720.18
1757,Jobey,Quşrah,303740.55
1759,Forrest,Aniso,380792.56
1763,Jennie,Cambebba,315002.56
1770,Nellie,Sahavato,706451.03
1784,Kerwin,Brangsi,250312.98
1810,Maurice,Čeladná,634312.5
1816,Christoph,Bengtsfors,184098.3
1821,Kimble,Solkan,588685.07
1826,Galvan,Situ,435184.17
1830,Ashlan,San Luis,251933.33
1847,Everard,Lunec,210931.01
1868,Phineas,Norrtälje,925698.21
1871,Wain,Cuchumbaya,744798.42
1889,Kizzee,Phú Lộc,877947.63
1893,Skippie,Quimper,363541.27
1899,Leif,Xiehu,767493.94
1905,Livvie,Toki,326457.47
1918,Stevy,Balkanabat,727702.71
1968,Lissi,Xilian,865405.56
1975,Paten,Ludvika,554315.96
1989,Tricia,Újezd,238711.98
1994,Audra,Skellefteå,88580.96
2021,Krishnah,Wierzawice,688757.35
2026,Jennee,Shajing,434959.82
2029,Francisca,Zhiryatino,343164.45
2041,Liliane,Pashiya,706323.89
2045,Hyacinthe,Matagbak,198976.22
2052,Mable,Coayllo,807096.14
2071,Onofredo,Néos Mylótopos,64044.02
2086,Byram,Mikstat,506484.93
2091,Phil,Wādī as Sīr,514708.36
2104,Tracie,Taboc,933170.62
2115,Brittany,Tais,528778.34
2124,Gabbey,Lumbayan,378759.27
2167,Luella,Lingquan,281208.11
2176,Rosa,Mertzig,102010.84
2179,Isabelita,Yelkhovka,334908.84
2188,Pavla,Nidek,379352.45
2203,Eula,Mirandela,310991.5
2205,Nanci,Drawno,233312.52
2209,Sasha,Vyshneve,920198.66
2220,Justus,Mačkovec,419817.75
2223,Dulce,Pitumarca,294233.2
2234,Betty,Miyakonojō,776005.92
2248,Grantley,Milán,116182.27
2262,Garik,Gālīkesh,371130.37
2288,Ellynn,Santa Cruz,69577.48
2293,Conroy,Anolaima,407786.57
2295,Eunice,Beslan,669736.12
2300,Kalinda,Sidi Qacem,65303.04
2309,Trudi,Rawa,210076.68
2318,Ardeen,Vicuña,758242.59
2326,Chrissy,Kotingnatagete,794248.05
2337,Aldrich,Shāhpur Chākar,425001.63
2349,Steffie,Bahāwalnagar,946313.02
2363,Sonny,Esposende,922506.64
2366,Jobey,Shenshu,233333.76
2372,Ellswerth,‘Alāqahdārī Gēlān,709430.74
2381,Lotta,Shangma,169590.26
2395,Catha,Chuoyuan,128563.66
2406,Chic,Nyaunglebin,292113.71
2435,Marlyn,Buray,179954.26
2445,Riccardo,Longjie,717066.12
2484,Paige,Mori,878660.21
2496,Nydia,Naj‘ Ḩammādī,890329.41
2503,Stevie,Hua Hin,23031.15
2511,Danya,Dinjo,802114.82
2522,Julietta,Sangesi,405089.29
2533,Harlie,Tolomango,896383.04
2540,Aldridge,Albuquerque,84468.66
2545,Creight,Ajaccio,736454.64
2553,Ignaz,Courbevoie,79048.06
2554,Oby,Oitui,741030.82
2575,Nicole,Brejoeira,974072.25
2576,Merilee,Kharabali,588960.2
2580,Elfreda,Nova Lima,548495.85
2581,Samson,San Jose,656112.46
2594,Rolando,A dos Cunhados,646471.18
2605,Morganne,Manticao,103264.82
2625,Vivyanne,Tiarei,949306.12
2636,Jared,Nilanapo,291125.18
2652,Harriet,Ulaandel,875043.78
2655,Shelby,Ngembel,914469.92
2673,Milli,Lijiaxiang,538825.89
2684,Wilmer,Simpang,160884.01
2699,Veronica,Hechuan,787118.45
2705,Frannie,Zhubei,764114.64
2706,Urban,Francisco Villa,656374.3
2716,Free,Nisí,554267.3
2719,Merrill,Levuka,236199.21
2720,Sara-ann,Amsterdam-Oost,65326.38
2728,Chris,Keboireng,68829.12
2738,Ellen,城郊,348537.89
2741,Celle,Bintang,549114.15
2746,Belva,Vila Moreira,99103.79
2747,Sidonnie,Charlotte,797194.08
2753,Muffin,Hobonio,726628.15
2763,Guthrie,Kushikino,179183.67
2791,Ashlan,Abaeté,394676.53
2809,Esteban,Pinaring,467674.38
2817,Baily,Jiamiao,904552.72
2828,Daniella,Ust’-Dzheguta,69427.58
2831,Ernestus,Góra,462760.21
2843,Burnaby,Karagay,604516.08
2852,Emerson,Darenzhuang,626386.15
2863,Tynan,Rumoi,81532.71
2864,Beulah,‘Awaj,909424.84
2879,Oralle,Yakovlevo,243732.64
2882,Barby,Tazemmourt,585190.44
2894,Trip,Shishang,552375.16
2898,Bret,Shreveport,211831.07
2925,Gabi,La Virginia,887149.57
2926,Ches,Javarthushuu,791948.08
2956,Parsifal,Wengang,889590.26
2975,Rozella,Al Buţayḩah,120062.3
2994,Savina,Yermolayevo,595482.69
2995,Gale,Vigo,557533.21
2998,Breena,Chugur,48861.21
3006,Josee,Tower,241038.91
3009,Selene,Zhoukou,537553.83
3049,Ivett,Souto,783804.53
3053,Kaleena,Lukavice,744287.05
3093,Cayla,Tadine,217438.82
3118,Wilmer,Telaga,307658.46
3123,Piggy,Bourg-en-Bresse,321866.53
3149,Estel,Arauá,862064.07
3159,Gilly,Karanggeneng,385485.33
3164,Rasla,Bystré,140600.37
3197,Donny,Tambawel,826068.67
3202,Artemus,Nancheng,837918.95
3204,Dorothy,Roubaix,684129.84
3205,Antin,Nankang,230738.9
3208,Misti,Lianfa,275404.58
3211,Annadiane,Philadelphia,995592.69
3251,Deidre,Armstrong,980142.77
3264,Tirrell,Póvoa do Valado,238356.99
3289,Walliw,Rekowo Dolne,481510.32
3302,Ellyn,Pembroke,275116.62
3303,Haleigh,Balakliya,227215.4
3310,Golda,Gibato,642973.93
3316,Shalna,Babakanjaya,541638.14
3322,Bettine,Youhao,464151.69
3325,Dulciana,Zürich,63517.79
3335,Olav,Columbus,154214.88
3361,Spike,San Isidro,334753.74
3362,Read,Al Ḩāḑir,104696.58
3389,Rodney,Naval,223825.76
3395,Rosalinde,Kāshān,666720.58
3402,Taylor,Sinhyeon,328441.34
3404,Dallis,Perpignan,509162.2
3408,Pia,Mazhonghe,654418.83
3409,Margalo,Lianghu,111935.45
3416,Sena,Fika,629045.5
3422,Tobe,Yonago,403667.09
3431,Doralyn,Karlskoga,583468.28
3436,Ellsworth,Neglasari,518000.27
3449,Araldo,Damnoen Saduak,745904.58
3455,Yulma,Suhong,139471
3457,Harriott,Diadema,771952.2
3466,Zondra,Armanāz,786799.88
3467,Lilith,Jablonec nad Jizerou,300848.14
3520,Loren,Bojszowy Nowe,113898.54
3524,Darlene,Stuttgart Stuttgart-Mitte,11025.74
3527,Bel,Poddor’ye,908648.2
3542,Mil,Kīevka,781491.65
3543,Linnell,Las Varas,860866.82
3551,Fielding,Sendafa,545523.74
3571,Anthe,Farīdpur,186320.04
3590,Torrey,Lille,276908.22
3600,Corella,Chadong,815735.51
3609,Claudell,Svorónos,248655.66
3613,Gwenneth,Motala,216740.12
3616,Shanna,Psary,59874.94
3644,Martie,Kombapari,421536.89
3660,Wally,Tapada das Mercês,12028.63
3661,Jerald,Aucayacu,370560.63
3677,Bartolomeo,Mīrwāh Gorchani,74672.68
3698,Sheelah,Ōita,154726.78
3716,Haze,Takaishi,798652.17
3727,Irwinn,Yanhe,930667.92
3739,Adrian,Nishinomiya-hama,703302.21
3767,Alvy,Aḑ Ḑil‘,219692.41
3776,Dorisa,Shuibian,964137.69
3782,Haily,Sidomekar,995242.94
3784,Austin,Haparanda,548368.02
3800,Quincy,Iracemápolis,342824.38
3821,Jayme,Koźle,585727.38
3822,Roselia,Örebro,215732.46
3823,Ethelred,Nema,482756.44
3825,Anjela,Huangqu,246834.15
3849,Wald,Frederiksberg,523542.08
3881,Dennet,Kiszkowo,12805.98
3886,Alejandro,Bistrinci,705661.62
3918,Gretchen,San Jorge,648938.57
3919,Ester,Gotse Delchev,194175.01
3935,Johny,Uiasa,856399.02
3943,Verge,Kawakawa,309507.75
3955,Luciana,Nýřany,438024.61
3995,Porty,Ivry-sur-Seine,884338.27
4000,Brynna,Bayt Līd,409432.8
4003,Cele,Goim,878931.07
4009,Amalie,Uacon,719276.9
4012,Syd,Poddor’ye,407866.74
4022,Henri,Otjiwarongo,172633.53
4025,Marrilee,Margacina,658917.96
4028,Vanya,Sangar Sarāy,313487.15
4030,Janean,Antipino,615079.72
4043,Edward,Dongxi,209505.53
4044,Ameline,Tonantins,740031.79
4058,Laney,Dayr as Sūdān,767771.92
4060,Ellswerth,Míthymna,487721.54
4065,Ronda,Nesovice,37031.73
4069,Stefanie,Salitrillos,383884.99
4071,Stanislas,Karangbalong,387463.66
4073,Ulric,Darma,454001.33
4078,Olivier,Wielbark,907844.63
4086,Jammal,Bom Despacho,659700.26
4095,Rebecca,Velké Bílovice,712802.21
4099,Aubrette,Wenceslao Escalante,142537.51
4105,Elvyn,Fuliang,857371.37
4109,Harriette,Moguqi,764504.55
4132,Renae,Nogueira,542095.11
4136,Magda,Ivanteyevka,558792.43
4147,Dame,Jatirejo,674861.46
4148,Murdoch,Grangwav,272152.8
4161,Marlene,Lijia,393370.16
4172,Dani,Biñan,365014.88
4184,Ardenia,Isehara,373622.57
4193,Isidor,Nové Strašecí,37350.06
4196,Hirsch,Diadema,993251.69
4201,Ansell,Morris,349392.75
4204,Weider,Chang’an,155735.72
4233,Brigid,Dodu Dua,345724.71
4237,Bobbie,Shancheng,368868.85
4259,Albina,Lille,667619.4
4262,Costa,Mogotes,621256.43
4264,Lorrin,Zhangcunping,728523.42
4271,Philbert,Tajimi,591347.68
4273,Gradey,Daet,414395.95
4284,Latrina,Alistráti,225272
4289,Dill,Slovenska Bistrica,456709.95
4291,Diego,Kingsey Falls,474460.3
4292,Christiane,Cortinhas,392324.78
4297,Charisse,Rossosh’,242687.2
4300,Arlana,Támara,314880.69
4331,Neale,Tukan,668817.34
4335,Agnesse,Bagong Sikat,771645.58
4336,Paloma,Suwaru,648339.83
4337,Dunn,Sucun,168474.12
4349,Lesli,Ishikari,818112.38
4362,Pier,Fengjiang,752555.98
4366,Lin,Łapczyca,496207.19
4375,Olivero,Smolino,726750.88
4396,Kalli,Louisville,584288.56
4399,Joice,Guacarí,200405.31
4405,Holmes,Grębów,367980.75
4450,Margette,Ea Drăng,758285.38
4462,Palmer,Krasnolesnyy,627260.72
4470,Leila,Monte Novo,59198.35
4473,Heddie,Qasr Abu Hadi,954669.99
4482,Felisha,Chorkówka,856223.97
4485,Dwayne,Chitré,780507.7
4489,Allen,Aleksandrów,444905.43
4512,Maressa,Xiapu,771384.56
4513,Hendrika,Shuinan,786084.75
4519,Ches,Namora,52957.22
4524,Nani,Sainte-Agathe-des-Monts,756797.07
4531,Honor,Luobei,133958.72
4539,Blondie,Horta,608132.7
4542,Siobhan,Joyabaj,321741.56
4546,Zandra,Anlu,89424.56
4557,Robinette,Kuala Lumpur,357702.53
4563,Paolina,Armstrong,146559.44
4568,Cindy,Vänersborg,450782.88
4578,Georgeanne,Tudela,264154.66
4582,Mar,Malahide,114263.45
4601,Calla,Dingtou,808831.85
4609,Cameron,Haozigang,504934.71
4612,Pernell,Hengduo,385583.74
4640,Alfi,Laingsburg,76242.75
4644,Bette-ann,Landivisiau,309305.59
4647,Efrem,Pas Pul,972324.7
4659,Astrix,Poręba Spytkowska,851187.73
4672,Simone,Lubień,509296.26
4709,Jena,Yijing,677668.04
4732,Larissa,Rosario,883412.94
4741,Randee,Tiwi,870103.23
4772,Guinna,Paris 08,990299.13
4787,Korella,Kašperské Hory,604119.31
4819,Pepito,Benjamín Aceval,242329.92
4824,Irving,Nadezhda,835893.91
4845,Scottie,Jugezhuang,980690.79
4850,Etan,Hanji,245460.27
4878,Joanie,Bershet’,659256.87
4882,Jamal,Linjiang,855940.89
4883,Rossie,Kruisfontein,559426.66
4899,Devan,Hamonggolele,784295.56
4904,Jinny,Orléans,477925.19
4907,Courtney,Thị Trấn Sìn Hồ,437036.06
4939,Gerhardine,Sarvābād,252386.25
4945,Kiersten,Mogapi,57841.93
4950,Kassandra,Qīr Moāv,81740.07
4953,Stacy,Rancageneng Satu,169510.44
4957,Christyna,Jindui,960725.75
4959,Dierdre,Bamusso,594601.39
4969,Axel,Floresta,893958.95
4975,Cary,Dagur,773596.1
4995,Neddy,Tisco,392275.3
4996,Janos,Boracéia,882420.15
4999,Cornall,Salam,677600.33
5010,Maddie,At Samat,350327.77
5012,Josephina,Jinhua,79036.77
5030,Charlotta,La Esperanza,282722.66
5035,Wilfred,Verkhov’ye,24939.28
5048,Henrieta,Sinabang,473974.23
5056,Adan,Pingyang,612890.9
5076,Daryn,Bayramaly,470548.72
5119,Claudia,Sannois,414133.85
5130,Tonie,Saryözek,943627.95
5132,Roseanne,Łodygowice,656485.3
5143,Zorana,Kut Chum,406363.8
5149,Sherwood,Kizlyar,791472.86
5150,Brinna,Vallauris,396594.8
5173,Herminia,Zgornje Bitnje,377060.45
5184,Anthiathia,Bojongloa,417619.43
5217,Irwin,Clervaux,266295.62
5218,Raquela,Orléans,478034.75
5222,Mellisent,Jiaqu,212933.23
5228,Porty,Zimovniki,676138.43
5229,Janis,Seget,446341.72
5272,Allan,Limenária,158782.96
5274,Aldrich,Baziqiao,527266.65
5277,Crissy,Nybro,931146.01
5285,Flin,Lucheng,397627.34
5341,Nady,Sélestat,838201.42
5349,Theressa,Sarzedo,147937.61
5374,Hamlin,Nantes,474980.3
5383,Jaynell,Berlin,121380.34
5387,Fran,Olszanica,614111.67
5389,Leora,Kyrylivka,246286.48
5396,Jacquelynn,Elefsína,390475.86
5400,Modestia,Jedung,45214.85
5403,Owen,Mikhaylovskoye,77325.45
5404,Nissie,Washington,930559.49
5409,Even,Sarnów,434226.48
5410,Pattin,Chinchaypujio,712587.65
5411,Andeee,Bodø,805384.75
5416,Ashia,Sangar Sarāy,784544.58
5423,Brigg,Kuteynykove,978420.64
5429,Maje,Burnham,280332.33
5430,Udell,Al Ḩarāk,962854.64
5440,Job,Villa Nueva,835792.08
5445,Maxim,Pavlogradka,848550.51
5453,Boniface,Novikovo,189853.26
5464,Quintin,Fengxi,35248.66
5501,Vera,Kerva,909453.86
5535,Winna,Marte,138474.15
5543,Ema,Kirkland,496355.49
5544,Kane,Piława Górna,946818.84
5547,Goldie,Baitu,963258.59
5549,Eimile,Whittlesea,898109.76
5564,Mallorie,Āqchah,485167.45
5565,Meagan,Vällingby,468441.96
5575,Constance,Pelotas,756058.31
5583,Anastasie,Rust’avi,691927.39
5607,Jobi,Mino,715450.05
5627,Molly,Alingsås,990035.26
5639,Tracey,Okrika,130577.76
5655,Blondell,Železnice,67348.56
5671,Rochell,Karangsari,908163.48
5676,Philippine,Bayaguana,138255.71
5682,Liam,Banjar Bengkelgede,475468.99
5687,Tyrus,Daduo,57041.16
5688,Renate,Quípama,963470.65
5698,Bunny,Kangar,791787.68
5702,Bel,Beidao,387866.75
5709,Renelle,Half Way Tree,398275.72
5718,Stephana,Duran,161203.13
5719,Putnam,Changting,612993.03
5720,Gwyn,Boavista,850894.26
5724,Worthington,Margasari,403160.27
5739,Toby,Zīrakī,90441.5
5740,Janeczka,Al ‘Azīzīyah,946258.01
5743,Claiborne,Kuttu,943982.91
5762,Cchaddie,Shar’ya,444519.9
5775,Fionna,Chyňava,66593.97
5779,Harri,Yemva,308640.16
5797,Angela,Mekarsari,214425.33
5799,Jarrid,Ganxi,977903.96
5820,Hollyanne,Sang-e Chārak,233844.07
5835,Regine,Chadian,685816.78
5868,Tamas,Järfälla,878973.52
5871,Linn,Oripää,355683.64
5876,Kissee,Sedatigede,601525.81
5891,Roxane,Francisco Sarabia,51596.29
5912,Chilton,Paarl,720218.03
5916,Lita,Guaporé,569969.1
5917,Ruben,Banyubang,318680.92
5918,Nealon,Shilibu,700335.96
5933,Ettore,Baie-Comeau,272280.07
5939,Orbadiah,Tsákoi,538680.47
5956,Mendie,Lewotola,731967.51
5962,Marlo,Huntsville,16756.77
5964,Ronny,Samayac,949905.02
5975,Garold,Lixi,354156.2
5979,Tomasine,Zabrze,749086.76
5980,Juliann,Oskarshamn,622558.51
5981,Timmy,Melres,856475.24
5985,Keely,Przybyszówka,145209.37
5986,Romeo,Gandu,321047.39
5987,Shellie,Roanoke,842313.51
5997,Tait,Kablukan,581573.85
6000,Ariel,Cajazeiras,649675.07
6021,Roana,Reshetnikovo,890073.95
6042,Bobbie,Huancapi,651254.98
6043,Augie,Abdurahmoni Jomí,275494.32
6057,Calhoun,Ardee,244651.42
6073,Margarethe,Laocheng,558515.52
6094,Zelma,Tanggungrejo,563365.19
6106,Cullen,Cosne-Cours-sur-Loire,311860.09
6124,Skye,Tân Kỳ,647245.26
6153,Enrichetta,Shuimen,596466.57
6159,Guglielma,Ramanavichy,907645.89
6161,Haydon,Turka,976316.59
6171,Olivero,Kassándreia,900635.13
6173,Kerstin,Solânea,212430.57
6187,Oralla,Columbus,452298.1
6198,Demetrius,Eisen,505290.7
6200,Lonny,Wilkołaz,939048.68
6204,Pace,Lumphăt,30794.49
6213,Arley,Causip,13857.81
6223,Marshal,Káto Asítai,213688.33
6232,Charlena,Nizhyn,606645.77
6271,Connie,Jizhou,595597.63
6313,Diena,Crasto,580934.19
6334,Godfrey,Kaiyun,81380.75
6335,Gerhardt,Caicó,27000.98
6341,Seana,Moosomin,163232.56
6362,Annecorinne,Hongyan,713133.56
6381,Breena,Rízoma,489823.03
6389,Shoshana,Kyoto,567038.79
6404,Torry,Ceerigaabo,461298.9
6419,Helenelizabeth,Ash Shajarah,930652.53
6438,Von,Kristianstad,414623.22
6451,Sherwin,Legok,833886.52
6453,Abigael,Kemijärvi,662677.22
6472,Jenilee,Pelem,437903.81
6477,Ainslie,Châu Thành,629699.62
6487,Almira,Pokrov,945237.72
6497,Tonya,Seixo,357302.26
6513,Tara,Mosteiros,759014.59
6517,Doretta,La Guadalupe,509509.27
6532,Pearce,Gornje Moštre,76137.46
6535,Timmi,Borovskoy,259585.46
6538,Rhiamon,Yelan’,726003.78
6567,Marven,Pitangui,160819.23
6577,Anallese,Jiale,795876.87
6580,Bastien,Krajan,314021.8
6584,Shaylynn,Dachun,517628.29
6590,Demott,Granadero Baigorria,455943.8
6600,Maximilian,Simapu,104827.02
6608,Callean,Telpaneca,815824.91
6613,Agace,Unanu,518568.04
6615,Jermayne,Rejanegara,80773.71
6621,Vicky,Chendong,803129.97
6625,Cecile,La Laja,611896.77
6645,Geri,Naebugis,276850.2
6647,Clari,Uliastay,68701.82
6654,Jo-ann,Sulahan,647845.84
6658,Prisca,San José de Colinas,212980.57
6677,Dino,Bangil,856450.6
6684,Grantham,Thung Khru,191192.38
6685,Jackie,Wilmington,471653.93
6687,Valdemar,Urachiche,901617.29
6689,Ellery,Kutapanjang,363190.28
6696,Husein,Toledo,934348.42
6705,Cecily,Khanāşir,147642.31
6706,Cacilie,Suita,164818.84
6717,Isobel,Partizansk,56525.91
6721,Mitzi,Johnson City,215558.55
6722,Chucho,Krajan,254100.52
6729,Shamus,Padre Las Casas,323953.3
6736,Kermit,Sulaco,432755.3
6744,Beatrisa,Urasqui,804685.16
6751,Juliana,Guanhães,613027.79
6761,Kevan,Masis,575243.14
6772,Munmro,Xinglong,388129.99
6774,Maryellen,Al Ma‘baţlī,473430.17
6796,Berni,Parkent,534783.45
6820,Sammie,Arasji,862973.35
6832,Finn,Pushkino,110873.74
6842,Cal,Yorii,389835.69
6845,Georgy,Yên Bái,206110.97
6848,Wynn,Syktyvkar,945250.11
6867,Erina,Hualongyan,709977.7
6912,Abby,Ilhéus,222453.5
6925,Jeno,Tebara,601048.72
6927,Dawna,Kasreman Wetan,985514.74
6931,Charo,Pangpang,90035.21
6939,Estele,Sungi Liput,959780.05
6949,Eliza,Xichangmen,930575.58
6956,Alix,Uptar,144928.08
6961,Hamlin,Ocaña,88130.81
6968,Cris,Longde Chengguanzhen,548781.24
6970,Janis,Uppsala,581991.37
6988,Janie,Margamukti,606038.01
6990,Adelheid,Nijiangping,222971.96
6995,Pate,Scranton,300108.24
7021,Nanice,Alvega,550684
7023,Adda,San Antonio del Monte,550874.66
7042,Christyna,Mambalan,210884.88
7070,Inglebert,Zamarski,732833.39
7091,Karoly,Knyazhichi,40261.55
7101,Janos,Remedios,701500.37
7139,Rad,Khong,103677.97
7149,Benjie,Mar’’ina Horka,677508.59
7156,Carie,Serra D'El Rei,545386.97
7162,Aloisia,Lonya Chico,319820.04
7174,Christye,Belo Blato,968716.25
7180,Taddeusz,Gaoxu,714701.75
7191,Arturo,Makale,83647.84
7215,Norma,Acarigua,83650.29
7227,Barbra,Washington,690410.33
7250,Aloisia,Dillenburg,124542.57
7252,Jennilee,Takikawa,698373.56
7254,Culver,Wichian Buri,178205.81
7262,Aaron,Wutan,666365.35
7264,Elfreda,Xixiang,92908.68
7274,Umeko,Katiola,601068.72
7279,Micaela,Niquinohomo,373247.66
7325,Barrett,Xinhui,495877.07
7346,Adiana,Smoky Lake,366093.54
7364,Faina,Pikalëvo,671228
7376,Inglebert,Kaesŏng,575730.17
7402,Dorene,Mysove,389503.24
7433,Sam,Santiago,983385.91
7438,Gianna,Rontu,187345.25
7448,Anya,Huichang,540666.46
7462,Frants,Alfena,186153.71
7466,Ambur,Burgeo,602323.43
7468,Alameda,Al Maḩallah al Kubrá,469188.94
7478,Yettie,Charlton,127739.24
7481,Maure,Lundazi,141503.52
7504,Brook,Kramarzówka,534154.55
7505,Ashton,Kandava,601802.01
7515,Fritz,Yaozhuang,93414.9
7522,Dinah,Verkhov’ye,210992.16
7538,Lucio,Lojigawaran,659823.2
7558,Gwennie,Wuguishan,910964.99
7588,Zack,Las Flores,124332.77
7598,Shirl,Catende,166745.59
7600,Griswold,Gandajika,795890.09
7615,Riane,Bolobo,427008.61
7623,Karyn,Sigayevo,830243.31
7629,Tait,Pelópion,603180
7633,Falito,Khotynets,110280.33
7643,Jill,Paombong,261531.76
7648,Laurie,Sioah,983956.21
7651,Jervis,Seremban,417511.28
7654,Renelle,Camajuaní,751673.51
7663,Paulita,Kaélé,261666.2
7676,Tate,Kansas City,664586.28
7707,Garrot,Deauville,692531.24
7709,Cordula,Mabyan,568829.18
7711,Moreen,Xuelu,411872.9
7717,Sibel,Zhuangtou,787258.61
7726,Karon,Yeoju,209476.25
7741,Bink,Neepawa,478917.44
7751,Carmine,Arruda dos Vinhos,689476.23
7758,Cris,Phu Kradueng,425770.57
7761,Ruddy,Dhankutā,70081.96
7765,Parker,Sundumbili,774768.74
7770,Pattie,Stanowice,352446.6
7790,Uriah,Mezhdurechensk,882166.33
7798,Herve,Vel’sk,48271.95
7803,Madelon,Matamey,73623.14
7814,Lars,Orléans,472189.02
7817,Layton,Dukuhtengah,375391.58
7825,Merwyn,San Ricardo,515589.77
7827,Maximo,Chiquinquirá,756044.19
7849,Wiley,Bayart Huxu,134275.61
7864,Jeannette,Daohe,224826.51
7883,Frederick,Duyên Hải,731563.26
7884,Manya,Mulatupo,129561.81
7893,Alexandrina,Melfort,283959.2
7896,Jeramie,Tetebatu,622592.55
7911,Emelda,Tyresö,973372.36
7927,Boothe,Huangjia,866949.29
7929,Brande,Kissimmee,36905.39
7941,Gretel,Raposeira,443567.68
7942,Jasmin,Jianshe,815909.72
7975,Fey,Yên Lạc,548655.5
7979,Nolly,Bajera,933195.41
8000,Honor,Kupavna,31969.76
8010,Syman,Tempursari Wetan,791457.59
8011,Leonelle,Dulian,709104.74
8015,Shaun,Port Glaud,179592.71
8027,Nickolai,Bécancour,564522.45
8032,Barton,Yilan,472424.15
8035,Godart,Hankha,288249.24
8044,Rasia,Krajan,906815.04
8051,Larine,Chigorodó,100781.38
8075,Ilise,Guyangan,467184.94
8082,Kirsti,Kankan,134436.84
8087,Kristal,Seulimeum,392107.64
8091,Myrtie,David,155029.9
8097,Leandra,Bulalacao,598453.63
8105,Lammond,Wanfu,51255.37
8110,Reta,Rouyuan,187860.96
8121,Schuyler,San Antonio del Monte,493757.6
8150,Fitzgerald,Vannes,25015.15
8171,Burgess,Richmond,512157.42
8185,Nevins,Vetlanda,589670.64
8189,Oberon,Cầu Gồ,918341.53
8196,Suzann,Burujul,214140.64
8203,Claribel,Miratejo,926713.96
8204,Ivan,Esperanza,153612.7
8215,Daryle,Pigí,732225.25
8218,Joel,Lubbock,168340.64
8253,Valida,Tangkeng,686185.89
8254,Beatrix,Airdrie,214269.28
8260,Cosette,Pont-Audemer,943343.97
8262,Erin,Utsunomiya-shi,610765.73
8263,Aaren,Urho,742228.9
8268,Fancy,La Palma,975387.32
8279,Piper,Trzciana,442925.43
8281,Doyle,Oldřišov,145898.1
8292,Cindi,Las Animas,916492.36
8301,Shelby,Domoni,548539
8311,Noreen,Uva,192136.66
8347,Auberon,Tessalit,184440.69
8358,Anthiathia,Petit Raffray,924801.13
8359,Burtie,Zhosaly,547075.44
8371,Brandea,Umi,176715.5
8387,Gilbertine,Burayevo,967782.49
8391,Anderson,Dan Khun Thot,536117.18
8406,Nikolaos,Biruinţa,499180.66
8409,Josey,Lidköping,861343.51
8411,Suellen,Mitrovicë,669558.88
8420,Magdalene,Bagong Barrio,171574.07
8434,Della,Changuillo,681165.62
8437,Brice,Marjayoûn,18773.95
8440,Jarret,Erjiegou,442330.5
8460,Ruth,Agnibilékrou,567222.27
8467,Oren,Panzhou,801002.33
8486,Anjanette,Ulundi,24033.35
8517,Morgan,Santo Domingo,466532.66
8524,Herminia,Changfu,589042.67
8547,Megen,Tonshayevo,366775.13
8551,Garvin,Fonte do Feto,626114.03
8556,Burch,Debeljača,615212.8
8566,Olive,Takamatsu-shi,276908.2
8574,Skye,Trebisht-Muçinë,179338.01
8582,Pauly,Araçatuba,15338.64
8583,Bengt,Karangarjo,593235.87
8586,Burch,Youghal,514836.96
8591,Thain,Zherdevka,884222.73
8602,Carlo,Pimenta Bueno,763692.84
8607,Armstrong,Garahan,611681.04
8608,Jolene,Dagupan,284753.07
8627,Lanita,Kamimaruko,645134.2
8632,Orelle,Takum,181576.25
8637,Nanci,Sayaxché,561231.31
8645,Edlin,Sandachō,197804.76
8654,Zorina,Menara,819622
8663,Claude,Guapimirim,714200.74
8675,Bert,Ocoruro,828576.56
8678,Paolo,Guleluke,331985.13
8679,Claudina,La Garde,925731.21
8688,Quillan,Mâcon,767800.06
8730,Margi,Concepción,112298.93
8732,Tatum,Chaviña,688688.81
8735,Rab,Sorokino,181690.52
8750,Ernestine,Jijiang,637804.66
8778,Barrie,Abade de Vermoim,146798.63
8779,Jana,Al Qubbah,102645.51
8781,Katalin,Stockholm,342149.63
8800,Claudette,Bagong Barrio,645203.82
8802,Desmund,Sundsvall,952992.38
8830,Vyky,Dřiteň,435043.47
8841,Leonardo,Cambanay,779461.72
8852,Cybill,Al Majd,623173.83
8857,Josselyn,Meilong,932244.89
8863,Charlene,Ożarowice,79424.39
8880,Horst,Lieqiao,369289.19
8884,Gerti,Polonne,392445.41
8899,Gwyneth,Lyubeshiv,255165.79
8905,Jolyn,Miaoxi,659548.22
8928,Lauralee,Wa’eryi,517710.04
8935,Lazar,Bergen,66690.99
8939,Robinett,Dongyangzhen,919118.86
8947,Ashley,Zhongcheng,267599.18
8960,Ray,Ad Dīs ash Sharqīyah,978625.34
8984,Paulette,Hayes,850596.72
9042,Pamelina,Pindobaçu,983114.22
9056,Chere,Kladi,30161.39
9063,Betteanne,Cikiray,467112.56
9101,Wallace,Teuva,723600.36
9136,Gretal,Vergara,896382.46
9142,Candida,El Paso,629825.21
9145,Meg,Semongkat,109429.45
9148,Frieda,Hezhi,488236.18
9164,Carolann,Galitsy,324597.82
9178,Wilhelm,Xiaoya,99237.49
9180,Lani,Nanxi,976800.61
9183,Misha,Chincha Baja,934688.79
9185,Kimberly,Petäjävesi,106158.54
9189,Marcos,Prosperous,946682.42
9192,Delcine,Chuangye,119588.25
9210,Scott,Bandar Pusat Jengka,61695.19
9227,Stillman,La Libertad,876948.54
9241,Lemuel,Mucuri,624957.63
9259,Lorianna,Logroño,252509.34
9263,Indira,Tomislavgrad,640890.28
9286,Serena,Coulommiers,680328.53
9291,Filippo,Gontar,810179.76
9295,Martguerita,Hobo,87293.74
9333,Indira,Mawang,551453.16
9342,Bidget,Mahaplag,75151.61
9345,Ulises,Hamburg,878010.58
9353,Sydelle,Ostrožac,952097.9
9357,Isador,Duhu,935582.35
9375,Stella,Swellendam,743451.84
9377,Vivyanne,Shancheng,257446.3
9386,Munmro,Huangshan,394038.81
9415,Geordie,Haitang,290926.49
9421,Kristofer,Leping,422206.85
9431,Jobye,Bāft,659642.94
9473,Korney,Shilibu,771869.8
9511,Noble,Illéla,911928.32
9533,Ryley,Kalpin,999525.37
9541,Darcy,Askim,726359.01
9543,Bernice,Bajo,81931.27
9545,Wilmer,Sanshui,181779.08
9554,Morgana,Parista,531744.69
9556,Dorothee,Glondong,657341.18
9562,Rosalynd,Huangli,929953.26
9568,Shurlocke,Pýrgos,739102.09
9571,Linell,Luso,111802.86
9588,Francene,San José de las Lajas,519647.97
9636,Major,Pursat,257449.17
9662,Witty,Ningxi,369387.97
9686,Tymon,Quatro Barras,157747.93
9694,Edmund,Awilega,726924.77
9707,Raina,Romilly-sur-Seine,245720.01
9716,Jackie,Keleng,31283.62
9728,Wendi,Mardzad,588643.23
9741,Tabbatha,Dongzha,835956.99
9744,Morlee,San Miguel,156349.75
9746,Madella,Xindian,842043.79
9754,Errick,Oslo,684699.02
9778,Alessandra,Tunduma,702316.39
9785,Tresa,Nan’an,229131.03
9798,Conrade,Kula,191592.31
9819,Bearnard,Tunzhai,933575.24
9821,Duff,Azul,122046.6
9823,Hope,Dobre Miasto,333177.74
9825,Peter,Bordeaux,641126.92
9839,Wenda,Jiucheng,663050.44
9847,Vale,Medvedok,97880.74
9851,Deloria,Včelná,761619.92
9855,Nikolaos,Al Jumaylīyah,768296.88
9858,Eveleen,Lazi,636601.73
9884,Arin,Dikou,769153.79
9885,Benson,Gwadabawa,557363.67
9890,Victoria,Prosyana,236146.24
9895,Lotty,Beaconsfield,854073.34
9903,Christal,Krzemieniewo,162814.36
9906,Gustaf,Niterói,194593.14
9918,Gram,Xam Nua,967764.84
9924,Harmony,Pasadena,901258.64
9948,Fran,Naqadeh,418935.69
9953,Diarmid,Ciampea,780167.7
9960,Bambie,Babakandesa,186125.78
9963,Yvor,El Paso,273385.09
9972,Dorrie,Qīr Moāv,841100.28
9996,Lotte,Villeurbanne,346870.57
9997,Dusty,Morelos,84023.54
9998,Lorry,Mpumalanga,920630.19
9999,Harley,Manique,269759.05
10000,Yorke,Medaya,460342.71
10001,Scarface,Oyonnax,653936.16
10002,Averill,Olds,392869.71
10003,Meyer,Mikhaylovka,495862
10004,Lydon,Romorantin-Lanthenay,176245.69
10005,Tiffani,Solna,297654.19
10006,Randolf,San Jerónimo,359971.04
10007,Priscilla,Panaytayon,469217.94
10008,Tailor,Gunungputri,873098.8
10009,Vikky,Nelspruit,579488.8
10010,Pancho,Sancti Spíritus,407542.94
10011,Avivah,Stari Grad,277804.14
10012,Sammie,Wentang,124881.75
10013,Flory,Salam,868326.65
10014,Penrod,Tual,382212.46
10015,Pancho,Drawsko,543975.06
10016,Collin,Pasadena,256197.63
10017,Derron,Tireman Timur,781266.57
10018,Orland,Pincher Creek,361315.94
10019,Tommie,São Luiz Gonzaga,446204.52
10020,Richmond,Tanjung Timur,236334.16
10021,Margaretha,Linköping,301228.05
10022,Krysta,Jaba‘,858546.26
10023,Maureen,Maceo,411870.78
10024,Camala,Trawniki,533219.86
10025,Billie,Qobustan,544843.35
10026,Josefina,Stadtbredimus,35849.93
10027,Curr,La Labor,740953.97
10028,Tobi,Tigpalay,752203.57
10029,Evangelin,Maurole,947367.34
10030,Camala,Mörrum,944932.28
10031,Jemmy,Mojimán,332207.65
10032,Brianne,Umunede,242604.89
10033,Cymbre,Shewopo,224764.36
10034,Griffie,Gangu Chengguanzhen,119366.2
10035,Rani,Ngancar,472917.48
10036,Garrot,Sirte,64710.01
10037,Oliy,Proletar,558634.53
10038,Shirline,Chujiang,643568.62
